5655950010,Passwd@123,feedqa.test11@emxcelsolutions.com,Customer One
5655950011,Passwd@123,feedqa.test12@emxcelsolutions.com,Customer Two
5655950012,Passwd@123,feedqa.test13@emxcelsolutions.com,Customer Three
5655950013,Passwd@123,feedqa.test14@emxcelsolutions.com,Customer Four
5655950014,Passwd@123,feedqa.test15@emxcelsolutions.com,Customer Five
5655950015,Passwd@123,feedqa.test16@emxcelsolutions.com,Customer Six
5655950016,Passwd@123,feedqa.test17@emxcelsolutions.com,Customer Seven
5655950017,Passwd@123,feedqa.test18@emxcelsolutions.com,Customer Eight
5655950018,Passwd@123,feedqa.test19@emxcelsolutions.com,Customer Nine
5655950019,Passwd@123,feedqa.test20@emxcelsolutions.com,Customer Ten
