ZG1zcWEudGVzdDFAZW14Y2Vsc29sdXRpb25zLmNvbSAyIDMgMA==,2,3,8
ZG1zcWEudGVzdDJAZW14Y2Vsc29sdXRpb25zLmNvbSAzIDIgMA==,3,2,1
ZG1zcWEudGVzdDNAZW14Y2Vsc29sdXRpb25zLmNvbSA0IDUgMA==,4,5,9
ZG1zcWEudGVzdDRAZW14Y2Vsc29sdXRpb25zLmNvbSA1IDQgMA==,5,4,5
ZG1zcWEudGVzdDVAZW14Y2Vsc29sdXRpb25zLmNvbSA2IDggMA==,6,8,6
ZG1zcWEudGVzdDZAZW14Y2Vsc29sdXRpb25zLmNvbSA3IDEzIDA=,7,13,15
ZG1zcWEudGVzdDdAZW14Y2Vsc29sdXRpb25zLmNvbSA4IDYgMA==,8,6,4
ZG1zcWEudGVzdDhAZW14Y2Vsc29sdXRpb25zLmNvbSA5IDkgMA==,9,9,13
ZG1zcWEudGVzdDlAZW14Y2Vsc29sdXRpb25zLmNvbSAxMCAxMCAw,10,10,12
ZG1zcWEudGVzdDEwQGVteGNlbHNvbHV0aW9ucy5jb20gMTEgMTIgMA==,11,12,10
ZG1zcWEudGVzdDExQGVteGNlbHNvbHV0aW9ucy5jb20gMTIgNyAw,12,7,11
ZG1zcWEudGVzdDEyQGVteGNlbHNvbHV0aW9ucy5jb20gMTMgMTUgMA==,13,15,14
ZG1zcWEudGVzdDEzQGVteGNlbHNvbHV0aW9ucy5jb20gMTQgMTQgMA==,14,14,3
ZG1zcWEudGVzdDE0QGVteGNlbHNvbHV0aW9ucy5jb20gMTUgMTEgMA==,15,11,2
